{"cameraMode":{"drawMode":0,"name":"Shaded","section":"Shading Mode"},"sceneLighting":true,"audioPlay":false,"sceneViewState":{"showFog":true,"showMaterialUpdate":false,"showSkybox":true,"showFlares":true,"showImageEffects":true,"showParticleSystems":true},"in2DMode":false,"pivot":{"x":4.663643836975098,"y":-34.16642761230469,"z":-52.687259674072269},"rotation":{"x":0.012495089322328568,"y":0.9574726223945618,"z":-0.2852107882499695,"w":0.04196683317422867},"size":33.009681701660159,"orthographic":false}